[
  {
    "id": "00749702-c9c6-44fa-acba-1a7c2f3a1634",
    "data": [
      {
        "text": "CSE Rank",
        "userDefined": false
      }
    ],
    "isTemplate": false,
    "count": 0,
    "lang": "en",
    "updated": 0
  },
  {
    "id": "e7d7f501-91c6-4bfa-9780-bfab7b9389b4",
    "data": [
      {
        "text": "Rank of CSE",
        "userDefined": false
      }
    ],
    "isTemplate": false,
    "count": 0,
    "lang": "en",
    "updated": 0
  },
  {
    "id": "a40a7d1b-ab67-4ce6-9675-cd71f5943a4a",
    "data": [
      {
        "text": "What is the rank of CSE",
        "userDefined": false
      }
    ],
    "isTemplate": false,
    "count": 0,
    "lang": "en",
    "updated": 0
  }
]