[
  {
    "id": "b27d238c-74e0-4611-a26a-0b623b3d308b",
    "data": [
      {
        "text": "Thanks for clarifiying my doubts",
        "userDefined": false
      }
    ],
    "isTemplate": false,
    "count": 0,
    "lang": "en",
    "updated": 0
  },
  {
    "id": "9ea9feb3-8d6b-4e76-8df4-f8a81aabb02d",
    "data": [
      {
        "text": "Thanks",
        "userDefined": false
      }
    ],
    "isTemplate": false,
    "count": 0,
    "lang": "en",
    "updated": 0
  },
  {
    "id": "19a7d8a0-6542-477b-8692-153dec3ee04d",
    "data": [
      {
        "text": "Thank you so much",
        "userDefined": false
      }
    ],
    "isTemplate": false,
    "count": 0,
    "lang": "en",
    "updated": 0
  },
  {
    "id": "dbb6144a-ccfc-456f-b9dd-0c1fcd8ddd63",
    "data": [
      {
        "text": "Thank you",
        "userDefined": false
      }
    ],
    "isTemplate": false,
    "count": 0,
    "lang": "en",
    "updated": 0
  }
]